-- phpMyAdmin SQL Dump
-- version 4.5.1
-- http://www.phpmyadmin.net
--
-- Servidor: 127.0.0.1
-- Tiempo de generaci처n: 22-04-2019 a las 14:53:33
-- Versi처n del servidor: 10.1.9-MariaDB
-- Versi처n de PHP: 5.6.15

SET SQL_MODE = "NO_AUTO_VALUE_ON_ZERO";
SET time_zone = "+00:00";


/*!40101 SET @OLD_CHARACTER_SET_CLIENT=@@CHARACTER_SET_CLIENT */;
/*!40101 SET @OLD_CHARACTER_SET_RESULTS=@@CHARACTER_SET_RESULTS */;
/*!40101 SET @OLD_COLLATION_CONNECTION=@@COLLATION_CONNECTION */;
/*!40101 SET NAMES utf8mb4 */;

--
-- Base de datos: `cajachica`
--

-- --------------------------------------------------------

--
-- Estructura de tabla para la tabla `ajustes`
--

CREATE TABLE `ajustes` (
  `idAjustes` int(11) NOT NULL,
  `razonsocial` varchar(100) NOT NULL,
  `nit` varchar(50) NOT NULL,
  `direccion` varchar(100) NOT NULL,
  `telefono` varchar(50) NOT NULL,
  `email` varchar(50) NOT NULL,
  `logo` longblob NOT NULL,
  `web` varchar(80) NOT NULL
) ENGINE=InnoDB DEFAULT CHARSET=latin1;

--
-- Volcado de datos para la tabla `ajustes`
--

INSERT INTO `ajustes` (`idAjustes`, `razonsocial`, `nit`, `direccion`, `telefono`, `email`, `logo`, `web`) VALUES
(1, 'IMER Industrias Metalicas Rios', '6036336019', 'Santiago II calle 16 N째 1349', '76513400', 'info@muebles-rey.net', 0x89504e470d0a1a0a0000000d49484452000000fa000000a0080600000025f971ac000000097048597300000b1300000b1301009a9c18000001366943435050686f746f73686f70204943432070726f66696c65000078daad8eb14ac3501440cf8ba2e2502b04717078932828b6ea60c6a42d4510acd521c9d6a4a14a69125e5ed57e84a35b071777bfc0c9517050fc02ff4071eae010218383089ee9dcc3e572c1a8d875a7619461106bd56e3ad2f57c39fbc40c5300d009b3d46eb50e00e2248ef8c1e72b02e079d3ae3b0dfec67c982a0d4c80ed6e9485202a40ff42a71ac41830837eaa41dc01a63a69d7403c00a55eee2f4029c8fd0d2829d7f3417c0066cff57c30e60033c87d05307574a9016a493a5267bd532dab966549bb9b04913c1e653a1a64723f0e139526aaa3a32e90ff07c062bed86e3a72ad6a597bebfc33aee7cbdcde8f1080587a2c5a413854e7df2a8c9ddfe7e2c678190e6f617a52b4dd2bb8d98085eba2ad56a1bc05f7e32fc0c64ffde85a4f62000000206348524d00007a25000080830000f9ff000080e8000052080001155800003a970000176fd75a1f90000064514944415478daec5d77781cc5d9ffcdec5e53ef966c4b96e42e7749a6b7d8a6573bb4843463303d94f0410824a12401424d20f416484208e082e918db741b6cb9625b2e92552cabb7abdb66be3f6e57da5bed492759104cee7d9e7b644b7bb333efbcbfb7cd3b3384738e38c5294edf6fa27116c4294e71a0c7294e718a033d4e718ad3a140e2a1d45942489fdf952f783e3e8b91b416c0e100bcfd28f744a629732b962f5ea3ff8e9bf8f93f95b459bf64e190be77a8e5b6e216fd7b469cb37bf47f2647f92472ce96b7d57eb605800380a07f882ef824cec5b8eb1ea7ef386d58bae80dced413a3fd9da9d27f362c5db4b066e3df15004e13d8a901f638c5811ea7ef1e2501381bc054c31a6f5876e947aaec3b0300333fa829c165156f5c7e238004001e00ae38d0ff37881c4ab1463c46b7a5c900b6eb8efb0aa629ffdcf9d1dd2b029dfb84c93ff8ed5189e9c5ef0280a686bedcf8c615bf300c7bfaa8d99ed153ce3dc5e1493f515302ffd8fcf6752f03d0f40fff5f89d5ff57627411713ab46372a6aa841ad348cea482f3cc9239bfab5365fff392af6933c055808892bf6535007761d9a2f2d411534f135d297309a1c9e136c40dba55e7fa871900f85f4bce7d5f290ef4efa7a3962f3a937e276624c170dfdd4923ce9d75e663670a0e4f499fb85d53ba75171ebafbaee9df63715ec663f4387d078831355a5ccd3853f7ea161a54708eb50379d8a26b02c28939a7aefc7b62f678163e6ed1e3f49df0dd3597c595df2407db57b654ad7e8b7326e64fbff03d8040f2b7bcda56fbf95b19a30f3bd99990751c151ca37ae34d9602c06d02380c171ea635f638c5811ea7ff1269aadc4145cf1b5c536a7c6dbbdfd8f5d903d50867d3c59193cf1e0b106aa0b961c7b2ca861dcb2a013c547cd815e5c959134e149d49a59a12e836011de84dcac5ad791ce871fa2ed096776e3800e0421da81e0089ba55a65470f65a7b4204f3f7aabe7c7c1dc255748c8a2e4316b8c9aac797dbe2408fd377cd81375ceca2b24b2627e7945ce070a5cc2554c8d17f4f5c89d93f2c3be7e9e3e560c7279d0d15cbebb6fe7b9ba102982a310ba8e3008f033d4edf451a7fd47579c9d9931fa582730e00688a7fb526c91f3b3de93fd4c1bc43d3a4665762f68211e34f5e905578dcfa03952bee68dcf54e8d1e8b1bee3a33c5e6f1f83c0ef4387d57acf98cd31e9ae270a7ae064872a0ab6ed1f60f7ff7210031397b52f2c4636f3e0f00e450c767dbdebfe5490064c2d1bf9a9b3262ea9f464f3def354f4afecfaad73fb55107b9a27f34c41371df2b8a2faf1de234f1d89b9d0e77da9b004906e7355470a8f9d32ecc002027674d4a30c04a88e030ac74ddd697d7a8927725405c99f9473c979c3d490020019001a871a07fff285e027ba89b73ce4e2684bedbe7f74cddc539f351c1391300e54cadd554693f159c05e6a535000874d65cbe7dd5ed2b746b2e9b015fbee0f9ef75d14cbc04364edf2572e8208cd92b23549c4022ff5f203ac58228422b2232d34e627c779ce2408fd341522180db011c012015403b38ff5c55fcbfdbf4e6354d06464be6fcfea384b4c20e00e9000f68aaf411675a8833c5cf395300e2a68223870ace3154708eb381b954bfed95cf10ae8ae300d4c2d28bd332c71cfd3b42c8b10032007483f3f54c93ff50f1c6e595c617758f2aeedec75df7b8eb1e85b2019c08209373d6ce99baaa62f9658dc61fcbce797a12a1e297086f41b502b34df2b71eb9f5bd9bf6e96023334e7be830873bed4300ae90b7f1b66d1fdcf23a7a4b5989e943271ef7ebb393b326fc1a202200d656fbd9a5d5eb9ff94ab7daa1fc6917a68e1877d2db2064a44dbf1539d851bee59d1b7618f1fe8cd3ff92293a93e610901c0edec199fa61c5f2cb0e98e6e73b2d6071d73d4edf145d04e00903c4845010c119283be7996b362cbbe4451d4033ed410e002413844c01d0003d61b6f9edeb378d3feabaa393b327ffc59d9cfb87f205cfdfa9cabe8f257fcb0639d8be1f9c33873b35cbe14e9be870a5cc0288a8cafef54dbbdf7de040e59b55ba352700b484b48282282007000721b40c401500adf4ac271650d1f538c227d780808008ce50d939cf5cb761d925cf02e0eb972ce471eb1fb7e8ff6b16dd8170a2cb962a3fb937d9dbb253cd299e23e64ffff113840a17599f5125ef5f36bdf5cbbbd1bb1cc64c6dbb8b0fbbe2e894ec490b0567d25184d054806b3af704ce59b72afbbeecdcbfe1959a4d2f6e35c5e29adeaf2000ffcc331ebd5c7426de667d3753a515959fdc7b95bfa33a08402d5ff07c47b4b1b454af1e51b3f1c56ef4aecb337c07f7b9c72d7a9c864a5703384b8f6d9b3867af6c58bae81f003072f2397ce4a4b35e0021bfb001d1bfbd2d3b9d0084e6aa555a73d5aacbc6ccfaf96f52b24b0e03a5f94c95547f47f5de7d1b9edd955578dce8f6bab52d4c934316b0b3aa2f1f5f0f609b6ea56976f10f72091179f3de0f1a0c7d89dec41b35015d03a0e54d3a2b63d39b573f34f984dbde747832a681b32445eaea68abf96c7b73d5aa0ef46e6795992a3d4b45d7a23e63d1e4e5ad359f12846beed559673e365f70b82f04482ec0bbc0f1f6faa5173f148ff5e316fd50b5e8f701b8b18ff667eab51b965dfab8f1ff59673e761e151c7338671ea686f67bdb76bfbf77eda33b7b9261658b7212d38b72012e122a6653ea184ba830860a8e422ab827114a3399a66ca9587ed9390042082f85198adb09c03566d6cfa7a78f2cbb848aae0900e14c93f6761ed8f4e2be0dcf6eb5809debdf974bcf7ae2592aba8e04e7ad9c6b5b99a6ecd3d460a31c686f94836d5eaea92cd05dd7d8b4fbbd1a84d7dd43138fbda938216dcc198408c59c334d0975acdbf6c1adcb8d76679cf6d00f1deeb4bff5b588eca90d4b175d6de80623e6ffb6011fb7e8718a4609bac5ce0350d5b1ffab37f7ae7b8ce94ac776a98b6932d50108007ce38a2bdf00f0360057eec4d34727674d9c3ce3b4872e1244cf4422380a08a1a306ea04159ca5d34f7df0b62defdc70077a4b5855002898f99382eca21396463eef989035e6985355a9fb8cfa6daf569b00ce0028d34f7d7031155dc7ea1a3597103157a0220487074e4f068070c23e13c0e829e73672a6d530a67e2d07dbde6dadf9f43f755b5e6ed5adbd03e1cd350c80c254d9b66e9e33cda95b7c06409b75d6e3a752c1399673d6c4d4d09b1b575cd515b7f4718bfedfb2e83301bc0320d7f4bb2a55f69db6e9cd6bf60240d9394f5f07424f0390c099ba23d855ffaf1d6beedae870a7927147fe729a2b31673a159ce58408d309a5e300e2896e35580b67ea3ea6c9073425d8aa4ade664fcaa873a8e89a643cd37960e3597bbef8eb3af496ae92c2b2450559638ed962d7e6feed4b4e3eb073459d0e30158032f6f02b8bd247cd5e637aef2e25d4f51c21349f50219f106114159c05840ad9fdd83899696a1553839572b0634bb0bbfeebfd5fbfbe510e76f8271e7bd3b8c4f4e29f12c131059c2b9a1a5cbde9cd6b1e01c08b0fbb222f63d4ecd740c84453636d9a1a3a7be31b57ac35b9f7df888b1fb7e871b2035e392134d7f2eb62005300d402c08665973e06e049008ec2d28b8b13d30b67cc3aebf1eba8e09c4508cd8b62dd9a9916aa52e5c02e55f6ed56429dd521ef819aa6ddef35285237d7e7c901c0919a3be3fdf1475efb2e087102406aee8cc711beb0a127e9b56fc3b3fb1caee499499913161342c773ce28d3a4dab6dacf5f3db07345ad09e43200396d64d993e6eeb4d57c76febe8ae75a758beb02e0245410b30a8fcb4dca183bc29d943bd2e1c928101d091389e0181f1e177152c131890a8e49a22be5ec84b431c8c83fb2856bca4639d8fe5ae7818d8fd76e79b95e95ba09c2cb7e1e00cc999031ce027200c82420c700a8b026f3d62f5918b7f2718b3e2ce404700a801400bbd62f59f895f1879239bf171352c7fc0e04e70348e39cef51425d8f6f79e786370160f209b74d74258d388a0acea30815cb09a18536daa29569f2d74c93be9602ad5bbb9bb7ef3d50f966135325a25b2dc30557d15b6b2e983fe38fbe615eea88690f184d867c8d77ea1b568c7a7563dba9236fd25923991a7235ed79df87c883256400a119a73db4c01c432ba1ceab37bf7dfd1284f7b71be7be1b1573dca4248c041e464f39b72031a3b8c49990395374264e0ee711842c1b4559cfd4d02625d4b5dedbb66b434dc50bdb01a853e6de79b43b39ef4a428509e0f0314d5e51f5d59377771ed81832de37e3f4bfcc101d89e341884f957def6f7eebdac07058f8ff158b1e077a241d06e03500f9a6197db9b5f6b38bf76d7856416fe1896058d8d153cfcbcb2a3c6eb1207ae6122a4cb111ee564d096e56421deb835dfb2b1a762edb1cf236864c0016f50f3525a6ac9b4a228a5e00d0d2b39e78898aae59fa5bd4dd9f3d3ca3ab694bbb0e7665ea49f794ba12b3ff4c08990580304dd9d9b17fc3fdd5eb9faad0811af2a4e6ab53e6deb11320897a5fb76d58bae84413c8cdfd321f2d65ddc66af44b004045578a307acab9131333c64e777ad2cba8e89a69e3098169ca6e4df1af69abf9ecc9faaf5fab33b5672816e670a7f26927fff93e2a387f6efa6a13d3940b2b962ffee4605dfbb8ebfebfe99b1f0642f22ddae547fb363c7bb10e6c64e61fe91c3965c191a223e1142ab8ce2054b09495f210d394af54d9b7ced7b67bddfeaf5fdf25f95b98c99232f49ee642d0f76cb60857157df7851300b4b5f6d3db728ae7bea5ff4a2c98f993abb6be77d3bdc6775d89d90feac52d46f26e5ac6e8d97756af7fea74a3cd0947ff6a91017200f07754dd68b2e2227a4f84d560bfa3cdac807a18a04adddabe8ae7b600d808e079d1954c0b665c343521adf028872be5484174cf02210954708ca742daf8dc89a75f3a62fc29fb3435f84eb0abfea3fa6daf6ef4775449009812ea522c20078011008e43f8841c1e77ede340ef8f72750bb4dff845a0abe6494f6a410a21e402002ea6a99f36ed7ef7f7005cd34efef3b10e77da3954104f0faf079b2c932aad55a4eecf9550e7deb6dacfd7b654af69375938b35524160bc94dd96f582c268b624109005abbe91fdbb20a8ef98c8aaea301c09590f57342c5873953190026f99a6f7325e53c40082d09e701d4bd5d4ddbee36b7ed70a55c6dca1354ec5cf3c76d7aecec302caaeee21bfbd499a90fc46479cdebf2e631020054c9cbabbe7c621bc2174d3c9f9a3b2375c4d879e5ce84cc2287277db620ba8f215428149d495724674fba62d209b7b669b26f55a0abfead5d9fdeb7aaf2933f8f1e7fe4b5bfa382f338004cd3a4e5fbd63ff384ae9418006ddac97fcea682836f7efbfafa38ace3ae3b10de2cf237846bcd2980cf992a5d51f1c6e53b2c2ea863f4d4f37333f20f3fdbe14ebb8c103acee292d76ab27f4dc7818a5793b326fe20e43db06dcf177ffd42b77c6617d47cf61a47e4292e66004703b69d65170088e38ebcf6b0b4bc992b8c3ef95a77ddb0f3e3bb9721bcb62e03603963e7a6315572b5d67caaa0b7d845997cc26f8f4ccc287ec964cdcfdfb1faaef57af2cdb8cc41d1db924c71b9d5925b011fed2735f1960040f1eccb672666141fdeddfcf5fb6979b3ce139d8927102a165a1295b58ad4f574c7fef5afd76d79b9c9d22e1f77c43505a979331f20841e13ee335fa3a9d2351bdfb8629789e751ad7cdc75fffed231004e33fdff584285b900f6004076d109ee5125f3cfa0a2e74754709c6e99dd0e4d0dbd1bf235add8b1fa8e4f0038f2a75d30ce9d947b833b2917b3ce7c744dd39e957737ec58566371c5cda0d52c3f593ff1af15e4660522eef9e22febcae63fbbdf58774f481bf353006f196d4f3bf9de531daed453386742ced8b99fee58f3c7f7385339007852465d6c1a57db8ed577ad33811c3ab0250bd0d900408f05e4c288f127e7e64d3cf337a233f17400109d895f6c7efbba7b00dc3bf688ab8f4aca187bb27e934c26a14281d39371d7887127dd955d78fc0752a07559ede67f7ee86dd91104c03c29a30f27841e6f3207f308a127235c8f1fbf79e67f15e8c1ee86ff7892f37240700ee75c656ae8a58d2baefa4fc99cdba7ba93f37e4a05c70556d75c53436b42dd0dcbf7ef58bab2bb699b4f171e31397b52e288f127bf693c2738124f1839f9ace3d247cd7ef8eb95b73e6d8a6d551b706b51006e076ebb389d018026fb5e165d2937229c059b953fedc209755bffbd0380e64acc7ecc58a74f482b3c5710dd9355d9c7474e3e278f8aae1ff4b8d68aff755352d088cbcd8750c89655003bb047037d04e0a79d72df225742e66d0049301a4a1f35fbdf59638e39aeb5e6d38ebd6b1ffd0ac0979e9491f78c99f58b633d29a3cf121c9e1f00a054749de8491975e284636e6c57a5ee155d8d5b5fd9fafecd6f4c3df16ec99598f51310eae49af26eddd67fff53f75eccca55c3fff08939df77d7bd0cc02f002470ce56fa5a77bd5af9c9bdcc1c3f8f3dfccad1a9b9336ea782f3428b6bbe4f09752e6baffd6245fdd7af35585c6f0e00d34ebef70a5762ceafec5eaccafe959bdebcfa72537caba2ef018c03b9e8dc344e6e72377b32ff8919c52919a30f1fa34add2e421d890d3b96d5eaef93d247cd76e64fbbe06cce35a161fbb277daeabe0818dd2b2abf349f69929f73465aaa567705bbf753b36b8ff0069780290cd06cfa6006fd402e3d2d3dfbc927a9e0fc911dbfe440dbdfb7bc7be303960cbf06808d9c7c4e5e66c15167393de9f309158b2394b01278b3bd7edd5d351b5fac368516707ad2c9a4137e7baac3957c2240428c292f6d7ce38acfad3c8d2faf7d3f80be1b46ed2600c9d79cbff5fd9b9b0008d34f7d70aec395fc4b42c59322126b9af2a9e46ff9c7d72b6f7ddb947d162c19720680979efde47fa8e09c15ede54c95d657bc71f90fd1bbbeadc0fea4d5412d0fe920237adf5c23c69f9cd75efb85ca3973658d396684c393eea48253f1b5edd9df56fb5917009296372b352d6f661ee78c30550a36ed79af0e203c65c494e4d67d9f04d1bb9cc6f4fe06f58fe1b6f341f4ad0fe8cbe63ffb3a21f4cca8bcd294aa8ae58b17583c1eb3150eefa73ff6a69312d2c65c2038128e8efcbebc26e46d787afbaa3bd60040d69863120bcb16ed3241b36dfd928bf3a278493c0ef44318e89cb3e308c82f3878927eb8c30b334e7b788ee84abe81103a37d232f89775b7ec7c69efda472b2c8934f3dde13d4228383c9879c6a35f1042b3fbebb312ea7c6af3dbd7ffde64195593000f79138761d5c7ccfa594676d10fead05b4b3f68aadbfa4a79d3ee77bb4c6e7bc8f4e963cd07dbcff2f9cffd0a84dc370072a4edabef9c17e8dce735f14935af3498e68216962e2c49cb9b79a1e84af9a105f0eb021dfb9ed8f9f1ddaba69e74cf394e4ffa090042aae4fdd796776f5c6593176171a01fc2403759bd1e01293deb89df53d175b305e0ff69afffead99a8d7faf82fdc505c4c69dd412d38bc5c927dcb60984a40cd4effa6dff99d5b8eb9d7a449eb4ca86a1aa8b0210679ef1c862d199f4c850da90036df76d79f7c6c74de3542c20577070bbca12017463e01387d9de757f3ba363fffa465302b0a77edf9ccc3329613e7acab9059985c72e72b85222422f45ea7e7ef35bd7fe1e7d8fb0b67a0c433ac3fe5003faffc271cf869088416fc3db9a127c02e03ea6c92b3bf6af9fb771c5d537d56cfcfb5e4496999ad7ba5523e6355bba90b7c10bc01b4b07320b8e3e1b91d5660286e7a6520e806d7af39a673953570cf6cb4c93bfdcf2ee8d8f9956071413b87b3c8f8351489cb3d3639133ce5930d0551b44e46118467f42964f8fc2acfffab57d9bdfbaf6774dbbdf3b5d95fdef81f38012eafc97b765e79b88ac657098128e662f2d9e753f8429a5f4eca7d209215355d9d7b0f9edeb2b01d01dabefdc06e077b9134e7bb871d7dbdd882c3f25a638dc6cbdcd49b49e0cbaa6863807af2120036e29151c093311dede6a2d86198eb3d33900b6afe2858545e58beafadb0d67a57d1b9efb254c874246b17407e985d11931291d556a967ccdcc940f316fbc6116ab2e5a14b358b7f5df7beab6fefbbaf451b3d33bf67fd5a18f8102a045e5978ef7a4e61705bb6ab705bbea3b1b77bfdb6e33e771a07f17a97cc1f3990026021807ce8b41c818846bd4f301e452c19102f0039cf37310599986c65d6f77a277bdd8ec96c30270250ad8190070a67e4904e75131841ca908579cf5b435fd94fb2739dc6953c1791e0099835783b31d1b965dbadb2ed36ea1f3009495cd7ff6bd0d4b177d0480b7d57e16ca9b74e625eea411ff8c857fded6cabbdaebd7297abf94b1875f3923396be2098c693bb7bc73c3f331b8b345004a001483730f076f02e75b362cbb6453c43ccd7f2e196460c3a984ba76d9585af35c7013d0550be035436977ecffaaad6f828d104ff2c8df27a4e68f05b87ff4d4f31b39f87e705e0742aac1f93eced96ea6062b37bd756db3452ebe1f6eeda116a3972f78fe4500b30114e856329aa1ebec6ada366bf7670fb6c2be44d3eaaa138b60a95100de53063afdd407cb9c9ef4753180ea91ca8fef792977c269693963e79de470a79e44089d1ea5df959cf38f9826bfa8efc7b6cbc82f01305f7f7e79c8db74f3b60f6ea907e09a75d6e37f1744f719fdf547957d9b36bd79cd3500b4f451e5c905337f7aadc395725a587969eb362cbb641e6cae662a5ff0fc0c001703f80180a951fabf9d73be4c5302ffd8f4e635bb4acf7ef23c2a385f1e88474d7bdeff4ddd9697d721bca4e703d0a5ff341f97452c495201911b83cc6e79444e25abf0384fe1ac5f7cd4672f432485005ec739dfba61e9a20bd04f763e9e8cfbe681feac2e6cfd79b3ad2dfb3e3ebaa6e285161b371736602756773d7dd46c9a3fed82c9a233a98050210d20222154e2e01d00ea657feb9eadefdfec2d3be7e915848af3fa8b3e039db5ff26d4c13c29237f3498bc0867dae31b965d721d2cebece5f39f7b04845c6536889a12f8c3c615573d06c05536ffd90a42684e9458d8b761e9a2f900d8c4e37e7d4652e6f8c584d04453dcfe7ac5f2cb2e46e4d54cac7cfe737781905b06155330f571ceb4362aba6eb1785056c5b36bd39bd75c9b9036c691997f64b627353fd9e9c97089ce044e05570884b601bc5af2356df9fac3df0511b9466f05bb597147941c8f187792277fda859f8290c201f205ef6c58bae887e86783511ce8df30d0a79ffa6086d393ded69fc16aa95e7d74cdc6178dcd0d6cf209b7cdf2a4e65f2107dafeb6ed83df7c81c8259b886d98334e7b689ee84ab9881072a4b542ce427eced97a70ee2154386c80187ac8491fa629ffae58bef812530ccdcae63ffb5742e89536c0daeaefdc77bf3b297781e84c3adb36cb1eecf8b263ff574b330b8eba4874264db589959754bc71f96566afa66cfeb3771342af3bc83c02890e74ff6ece946ed195329910da8f978616ced95aced4972a965fb6d4a2b423b2f2138fbd794a6246f1cd72b0fdd96defdfb2ca0068c18c9f64e58c9db30988be5ad2baef9399fb2a9eabb57877e64ac638d0bf61a01bc5177f2784fec4ee99f6fa2fcfaffaf2f1cd00903262aaa7a8fcd2ab1dae944b7455ddb47ee9c5e31159b30d007cd2f1bf19959831f67142e89cefdab87dadbb4ed8f9f1dd1b0d812b3be799870815aee807579a7ebc735009767cca3923ce84cca308a109e05c05215173339a1258be71c555571b398a89c7de9c979c3d69eb778d279cb32fe440dbe55bdfbb6927faee63a7e5f39fab304eaee14c7da6b371f31ff6ae7db41d8030f688ab27a78f2cfbdc76fc6a68cdc637ae5888de6539a3045831819dc797d7be05bc07bbeb7f6b33f15d2d55ab7f5af5e5e37b738ae74e9832ef0f578f3feafa0f7b401ed61423669df9e8d5883ce4419d7ad23d054999e3d77d17410e00aea411e7e9f908170007c007f010880000fef6bd7fdbf2ee8d776d7defa67b3a0f6c7c5ce7813800808c639e3c005c9e9451e77c37953e3dd29598fdd5d413ff548ede1a7d06402b3dfba973cdc753112a5e923eb274cbacb31ebf75fc51d78fdbbbf6d1ea96aad52770ce5afae40a76bffb57842fcf4884cd92683cebfe2dd2f60f7fdf38f38c47fe4f7426dd6b8096a9529d2b6944c9cc331eb94e74269545fbaee048b82d65c4d417ba9bb60500a8096985d49d94f30180b4efea7839d79275a093b017c6682c12e749cd3f73e271bf1638d36842da989363cc0b08fabbe4b0f5e249df615170ba9373dfcd2e3a61624bf59a6e23f14605c7bd36aa214510dd37a7e64ebfb9f4ec27d749fed6e54c93ab04d19d650038d059f35cc38ee54dba92a3e85de23be4eb4d0ed9e5b596aad5afe44d3af3be5e007ba6a6e4944c8dc116248c99f9b39f6f7defa6e701c8138eb9f15cc4b0163e1ca4843abf0a790f7c2907dbeb3425182454101ceef42c7752ee5477d288534188c3ee7bdd4ddb3e43ef0a03e79cd101ac7288804010dd1393b3264e34fd41e6e06a7f71b06ed15d46f8ec6ddbbd327d64d9cdd19e97fccd6f87bc07b649fed636ce54958a2eb72b317b84276554a9c39d76ccb760db93f3269e71594bf59a4701c8b3ce7cf474449ed2dbd78d159c877b52461e6efd7d73d5aa0fd1bbb1473bd4adf8a10c740e80bb12b2903bf1f43701684aa8f39f5474cf1244f7b4581b71b8d37e06e0150094f69b31ef9b1be34cf372ce6442a89350213566c554bdfaf69a8d2fae837d31ca8719f947fca7b074e17d5470e65994c3e7fb2a9edfa1bb91e1c4900dd039675ec9dfb2c6dbb2fdd3d69acf764e3cf6e6a7a9e07047328fab7b3e7ff827a9b9d3c7a4e4941ceb4accf901a162bac5a40be83db945d8bbf6d1ca59673ef62fc1e1f9b1c5f277d66dfdf7af9af7aeac476499b0f1599e3ffd4733468c3df16e10e28ad19bf072ae4984509150210520315952c191703c80e700502ab82f1b54b2539576c9a1cecdeec49c730a665cf4e7ce039b16aa52b7664ed0c27eab701ce8df3495ccbdbd9c103a9d3375d3e6b7afbf034072e9594f2ca1a2ab38a6c484e0983c62dc49639bf6bc5fc5c18581e42fe46d58deddb2f30b6fcb8e3a7ffbde2e45f22a0e57b2989c5d92999a3b6d424a76c9d9a22b797ab406ba1a373f5eb3f1c5f5d604a019f0ed756beba9e0bcb1b074e13f8c6714a9db185fe43ab169230dd3945d818eead7eab6befca9bf639f0c808ace44810a8e6c9bb83681080e5ebbf99f150036ba12b39fcc9ffea31392b3262c101c8913756b9789c8aa31b271c59537969ef5441a155da79962d95b75905bd7ac7b8051b7e5e50d4e4ffa9fd247cdbe231a6f54d9b7bbbb69dbf2aea6adbb7cadbb5ae45067487426d2c4f4a2a4e4ecc9a353724a8ef0248f3aab3f65c1b9260248c8187d580aa1c2f131835c53ea2adeb8fc27001c334eff4bbec3957244feb4f34babd73ff331ec6b2770a882fd50043a477893040815c6ea564ee96adaf2d7f451b31f0e4fa05cc734b9457024941042dd768d64e41f714ad39ef79f93036d5f795246fdd0dec2a89db59bff79434bf59a06ab5721073be4b6dacf1ada6a3f6b00b066dac97fbed995987d928d142ad5eb9f79cf6411ac5577462697b4eefb78cf98993f6d2354cc0a791b966ffbe056eb554604003425584108f548fee6e55faffced4a3d71649cf58609c7fcdfcfa2b99cf9532f58d8d950f100002ef95b427bbef8ebbb00de2f2a5f7c6c4acee453e560e76e1b0bc62bdeb8fc9219a73d749bc39d7625c0b5faaf5fdbaebfcf5c1a6c7c7a8a8af6ae7becbdb2f9cfde10bef03192e440db175bdebdf14f16a5a729a12ea5f3c0a650e7814dad0036a58f2a5f52547ee9435470e6da870f2d5b01248c187ff2dc7ee219455502db09159204d13d1600bc2d3b9e351279a223617c98b7812ed33814d37818e216fddba58d2baefebaf4eca7fe4405c76fcace79facdc6ddeffeca9d945b64d2d46d9bdebce6bae4ecc92919f9874f4c4c2f9ee94acc3e5610dd853d599c84cc2300fc73f7670fbe35fd94fb6f41b84c35821a77bd737b4bf59a46f42da8316b7a00205bdfbbe90f65e73c3ddbea0a737045957d2a226bb72544eece32aabe047f47f5234c95945d9f3db006bd5b4f23d673b7bc73c313001ed7e72fc1f4779e3e6a764e425ac18fa3f1ce959473d688f1a72c69dafd6e955978abd73fb50ac06ac3d0da0838dffcf6f5f74e38e6ffbe16445781de7743f0a32d4385d7b639f3c30274ce5970eb7b37fdc986af66e5c701a063fffafda22bf9ffc6ccfcd94b3608d66a2a5e780b80d3e9c938d6a2a8f7c9c1f68f7c6d7bb7b4d77db1afab696bf7f4531ff8ad01748727ad38bbf0f831a3a69e7b13a16266c8d7f47aede67f6d44e4a69e431ee4c0a1bb4d5500e09879fa5f2f115dc9b6db331b2bdfbaacfeebd72acd2e68c18c9f94a78d2c3ddbe9493f0a0036bd75ed51aad4ed1b33ebe763ad77953155aad50b4788c50aab1621e829be9971da43f738dc69275afb7260e78affdbbf7dc966441ee8603e8bcd68c3382fbee786141d2c9afe6c40ff182033ee39f30070a6e6ce481f77c4d5ff20541c39402cdc5db3f18545ad359fd69ac60113af7a2e78d0dfa79ade97a07b10c6f972cca4bc0cb0f7782985a50b2766151eb71296ca3825d455b1f9edeb7e6b02b962c35ff389b3c2ac33fff69ce04888c8c534ee7ef7d7f55b5fd9002054bee0f94f004053439ffadbf7fe63d7a7f77faee7365c009c5985c78e2e2cbdf8ef763cf1b5edfeebce8ffef4b2496905112ec10d5a94b291113da4807ea82e1b70007cd35bbf7cb1a56af50c4d09be6b7d207becdc5f5b9ed76a37ff63dd96776eb8b569cffbd7a852f717b9e34f1e0780d66cfcfbaeb69acf2ee04c6d34bea0a9c17a8bab2d9926bf1be15a6ce3d30dc04b05976db555ee84537f933eb22c03bddb5d8326d00600f807f8044ccac1bc8db4671b6751f9a5c5e38efce5cb03815c0f7952c6942e7cbea8ec929926a136fae143ef11529245c1c9268533509ffdf9d32e14b3c61cfb1c6cca5fa9e04cb580dc502a5e9d9fdd56fe324dde6b52565d4d7b3ef875fdd6573601404ef19c7c55f67fd1d1b061f1c637aeb874d7a7f77f8cc8aa476df4d40bfadc74ab4adef535152ffc68e7477f7ac546a11ff296fc50b7e814a62b820178669df5f82b82e88ed849e6efa87e6ac7ea3bff69e36a03004b482d7006ba6abdfac4324f6a7ee2d8c3aebcd29d34e22200c2a6b7af3b5395ba651318ac60ebb18405332e1a9d3376defa68ca9373e6ed3cb0f1cebd6b1f7ddb0226f3e9aa82695ce6eb9098c53d360e631072c6cecd1c39f99ceb4567d23543e1a91cecf8e7819d6f3ca28728e61d7ce6779a5d7183e70e9345574c564f01a0cd3af3b13982c3fd4c7f4b97b59bfe716973d5875526901b3c5610791825752566bba79e744f0521344df2b7bc5cbdfee97ffada764b86c7e349cd17825d751d26e564c888038030f1b85fcf4fce9a1851abaf29c1ca8d2baebc14a6aba34d9e8931d721449e6b7f485af44319e8869beb04e0ce2c38724451f9e20a2bd0ba9ab6dcb9fbb387de44dfa3896013730b009ce9a366e7e514ff60cefeaf977ce46bdfd3ad4fbcdfc6d2f55caa5036ffd95584d0c3061a83a6043f0d791b9ed8b1e60fef20726796791ba6f9a00482c80330c247399f74ef388727fd222a88970124f3e0fc23ee5765ef8bdeb6ddffd6ef6937f3c57a71437f7d534bcf7ae2182a3aaf01c8d931f0a27ae38a2b17a277c79a5f07986c992b9233766e4aee84d32e68af5bbbae7edbab1de8ad14a4a6f02164524c3db5efe38fbafe84d4dce98f5adfbfafe2b905adfb3e69368dc1c89d588fd2522c214e1ce8df12d0cdbb967a62da6927dd7b8d2b29e7d7d6ef053af73db07dd51dcf9b8420221cb700cd61b158dc121f872c8288b2f9cf3e4a08bd6c70d862d59ca9ef73a6ad614cd9e66baddcbb77dd6332fa9e8f4600f04927dc9ae7491e35968aaed98490130172dc37121331f52ba6491faa4a709dec6fdd59f9c9bdd51617b6a76fc9d9931cf9d32e2c7026644d1444f75184d253003269701e45fbca2deffcead7ba7b6e8e89cd16dd986fa7292761e409cc37ca189f9e2dad53e6dd75a12765f4dd7d32f5bee697b6be7ff363e85d1e8c76928d35671007fab70c743bb0bbcbe73fb7038424f5b51efe356d756bff54bbe91f3b2c6ebc79298998bc0433d0ed5c39adf4ac2772a8e8fa1b801f0e03c49a01d472cedb7485c2f444521a216414400afe3b39155ec739af2784b473ce433a8f1200641242f207d8e11713a9b27f6dd39ef76e39b073c54e7dec9225ab0feb3ceb7d70a2ef39f42a0056547ee998f49165b752d1758ecd98d4adefde74ac1468e5966467d0e2b52976ab0071a07f7b40b703bb13806bfaa90fdeeaf4a45f1bdd5d0cbc2af99b5fddbeea8e55883c0dd420d1e49e52d372534f5679d6998fe60a62c24520e4d7085faffc9d2539d8b1169c316742e651dfedd9e5b212ea7accd7b6e7c5bdebfe5689c8653a58c206635542b4ae8a4c3de9eec39d9e8c73f58b1985283c7965cb3b37dc87de7257c39afb2d7998a8cb6b71a07f7b40b7825d04e01c5532bf206fd2595b62709deb38533fe34ca9d054698b2a753704bb0fb47634ac0f76365418f13a4d1f35db9d3eb22c2d31a378a4c39d3a8350f13842e8a988a50681738931d50fce641022102a26980f798841f8bb39d33e06e021549c3b044bb97dd39b57ff0a009d71fa5fee75b852a60eb60da6c99f00e8a6d4712408c918446ce2e3e05e70a601c445084d0621ee18c3870f38d35633a67cc554a94a53a5e6af57de1a34c286d4dc199e84b4829484b43199aec4ec3ca73b6d12153d3329158f042163076a7fffd7afcd3f50f9d6019392902cab1b92c55de77d871707fab709742bd81d00dca5673ff52e151cb387f00a3fc0c371220f5fbb04824480a421b6934c9b55a9fbb390f7c0e6eee6af6bbdadbbba82ddf592a604192114aea41c6752e6f8d494ec92d18919c5654e4fe6b1840ad9511aeb5abff4e2a986a04d3cf6a6b2e4ecc96fc43a1025d4b571f3dbd7dd6a6e71faa90fdee1f4a41f166b1b5d8d9bafdcfdf9c3abd07b00c55abb7bcef5b1b76bb2fffd90aff1335febae3d9d8d9b3bfc1d5532679a28886e972765745a6246f188a4cc71e33c29a3663813b2caa9e0cc8e05f7003a00eed7ad3cd55df764f395cf83505c7b2b965f76914dfec5bc12a2f407f24311e887fc29b0a66b758c241bd514ff122aa40d05e8893dc233983d4b9cfb42bec6fb767ff1f00ac9d74cd15becd2737434e78c87bc8d52c8dbd8ddbaef937d003e762564fd75fcd1bfbac49d9c6b77888673c231379eddb0f38d2f5c09590e5762ce89b17627d85dffc6d72b7ffb8409281ac21575bf9e32efaecb3d29a3cf8fa51d57e288a333461fb657f2b77af3269d31554f82d9b9c22f577df9f85f7d6dbb83883c97cf09806a6a88fbdaf774fbdaf7f89af6bc5f0de0432aba84b1875d714a4ace9485848afd6d0e22003280417813fd90e46ffe18bd27df5a0f979007b2e4872a7d2f8e7b36819d0150257fcb1a873beddb892c396bdebf7dc98f1a2bdf6a45e4da3747e4125c9f5d5052a055d9f6c12d8f4e3be95ea72b29e77c8bfbe249c999f2684a764900042ee33089d8ac79772b7ab3d1e6e21a4d534275b1b6e34ecebda8f8b02b7ecc390b1142a380bc7dc596777ef517fd7d1e9372e931a22665d353a5c85489eefefce1a52923a67e34ee886b1e8f56c73edcd4ddbc63932ef78a2589a77c5f410e7c8f2e70d04f48e500345fdb9e7d000f0d09b84cad0c76d5fd9fb7b5f26772a0ed4fe0bca3bfe7bd2d3bef6fac7cab5b1772a3649559b2b876956e3d4b75ddad3bdeeb275e49180cc8012025a7e4e229f3ee5a8cc8aab3e0b453eebb2c2973dcaf061f31d1a867c57b9b777c8ade3253f3dabab98cd65a79677c02dd4ddb1a3af67f75cf00dad42bf95b1eec6edefe8b6057dd759ca95b86aa97bd2ddb5bd077fddf5a09f7bd3be7fdfb76810307c0ba9ab6f872279ca2e80238280a76d7bfb97dd51d1fe8935e31ebccc74e101c9ea3fa89f93ca6f75877a7d96d8e30bba4148098316af6cfa3b7af34cbc1f6cf08a1823321f33842684cae8a2765f4d9534fba47dcf6feafff08409a71da43373adc6917c5aef034bfe46ff98c7316722566cdb6ee9337283577fa45002a10b9214586fd55486603d3531c4445b7da5f5f344daad9fade4d4685a336e9845b139232c64d1f8a80c8c10ed9669eac7b17be77f4bdbb7b6dfd9285b464ee1d0509a905fa5d6a5ce59c0708a1312d8371ceba43dec637991a6a7678d2273a3d692702d1cf59e34ced6cd8b1eca603956f194b424665956489f9ac42448aca2e19933eaafccf5474cd89d297c086a58bce318431b3e0c8aca2f2c54b07c3b390b7e1ef8488015752ce1583f95ecda617af6ea95a5d6d80a1ec9c675e2354b08d9355c9bb79fff6a50fb454afde83c85b5865d8d78cf7140515962e9c9839e69897a325f90c2ecbc1ce354ab0638be0f0a4b992469c4508cd885161f908a14e10e20480ba2dffbabc69cf0795ba87d18d706dbdf5fcf818e4249e75ff6f039d94cd7ff69f84d01f010053a5cf777ffed02da3a79ef7234f6ac1795470647e137d0b7637fcc7dbf2f5bbb59bfff5a549d8cd35f11c002f9e7d797272cee4c34447c2d9848a3f43ef5aae9d3429ded69dcfb5efffea0b4174f3ac31c79eec4ecefbf1b7c1eb60f7fe375baad7bccd34399431faf0e9c9d9932e8fb6b7df14afbf11ecaa7fbbbd7eeddab6da2f1a6d80de53d23a65de1f4b5d09990ba8e8ba06fd9cf93e64d78ea9ddfe8e7d6fd46e7a71c5b823afbdd6a82350425d5f6d7efbba1bf530c200baddbe8338d0bfcb40e79c9d4408ed8979fd1dfb6ed8b1fa8ed500129d9ef4e431a5bf383d25bbe4a23e4728d9cfa6a45b023208016be04cdbc1c1eb084827085108115c20249310520890a90052f1bd26eee74cdbce39af2284b4e8a0a2087b55a309212500291a64d2532284ba06e6bfe6eb6ed9feaffaadff5e19ec6e0800e005337f5a96533ce74ee399ce868adfed59fbc89b3ac8ad40e7df47a07fef2e5924849e649a8d961dabef580e20198026073b02bb3f7b6849d9394fff78206bd052bdfaaeb6dacfb73bdce9c2a8293f3ccf9332eaa731bd9f8a2363d92afafd269248a8389b84afce3a280a74d5add8bfedb5d7e4609b2fb3e0e8313963e7dd62774c96f9e5bb3f7b70054c075ad46e7a696dd698630e18798684b43147005861134e7c6f2f5cfcde019d69f26b5470fe4a9fbad459673ef694b765c7eb7bd63eb21e8032e9f85bcf2554cc18c07a846a37ff6b5358c3ef53d247956f8c15e807690915ceb9c49916e04c0d71ae0539d3029c6b01ce59009cf9396712675a883355659aac72a672a6c92a632a03e78c734d0507e3601a01d1408846a8a8522a6a209493f08d870e004e0eee04e02284ba08a10e42452721828308a29b10d14105879350d14505879b109a40889000421308151208883bdaa9b5c31b42d4efe86adad20a40abdff69fcd39c5737c00b2a32b5a2171f209bfbd68c79abb5e04a016ccf8c9d4f45165f3cd1e9cb775d73b88bcad87e07b7e85f2f7321937ebccc7ce1544f77d20a4c0f8bda604d677b7ecf8574ace948b05d13d602928675a9722756fa654708bae94c386005a8d73de0aceda38672d9c698d9c290d9a1a3aa029c11639d8d12af99bbbfc1dd5016ff3764991ba8d63968d9d73d66da0aa258634f65b5bef74373c1b102a30101ade72cab9c699aa71ceccdb61ad974c46e84cf41e7f65f75e118048a8481352f313dcc923ddeea49c0457526eb2d39391ea70a76609a23b870ace11840a992034931092090c5e3928a1ae8d9ca93ed19552124b8e45538235edfbbf7c2e2d6fd6e90ed3dc71a6b5f9da763d5af9c99f57e863321ffc61dd321c8fd1bfab405fbf64a1a1a11deea4dca4f1475fbfd0e14eff39151c53be01ebab32556e569540bd2a75d72ba1ae7a39d0561fecde5fd7d9b8a95e0eb419259b7d763f112ad2ccfc2332dcc979990e775a86e0f06408a23b830ace34223852297524132a26112a26522a26102aba09a16e10ead633c82e02228240d0d7d80fb61e8283738d8387979c3893396712380f71ce82000b70a6f919d37c5c53024c93fc9a1a0a684ac0a7485eaf2a79bbe5607b97e46f69f7b6ec68639a6c2d40e919bf2b214bcc2a3a7e54426afe68873bad407026160aa2bb980ace422a38460d4511c4e0e55585bc0daf56af7f6649b07bbfb1155843ef811706d0e538d00f31a0a3772b63c2e4136e3b3f216dcc55438a9d3957344daa5625ef4ec9d7b4d5dbb6bbaabd6eed01c9df6cdcd1dd7370a43b79a42335777a56627a519e2b313b4f7426e508a22b8b504726a1621aa1423a212479b00530876204c539ebe64cede29c7572a6b6324d6ed29460a312eca80b76d7d7761ed8d4e86dad0c20f2365487c39de6ce187dd898a4cc71e3dcc9a34a1ceed40982c353104b22cec62b6bf777543da59f05a7993c12f3b978d67306e2403f84802eea2e70cf1d624e4fba6be271b7fcd29598bd6800eddf2cf95b3704bbea367534acdfdab17f7d83c93261c4b8930a13d38b8a5d89d945a22b658ce04828104477ee602e738853443ea49ba95283a606eb945067ade46ba9f5b5efae6ba95a5dcf39eb0921d24796a567141c393121b5a0d4e14e3d820aced1fdc7f60dcbaabf7ae28940575d3b2c0785181e3e228f0893e2aefb2116a32372dfb2f9a23c5a347bf1acf49165bfa382b3a4c70797bc5bbd6dbb3eacdffaca6792bf250480bb93729d23c69f3c292973dc54873b6d82207a8a0815b2e2d0fc169500533b343554ad84ba76053a6b2b9af77e50e1efa8f60180d393ee2e98f9d3b98919634f75b892671a454d9a1aaa6fadfee8b1baadff5e8fde125c3388cdb907f3df65c4d7d10f39a09b1346e683167b0e95289973fbcf1953484bd5eaafda6a3f6f07208c99f5b3c35372a6fec0e9499f45a8981687da77d3035025ef7a5ffb9ef7f6ae7df47300625adeac11d945271c45058767d7a7f72fe59c1940362a150d209b8f9336ef5cb35ed41007fa21007463a9c49c95769880ee347ddc005c23c69f323e7fda052fc46174e851d39ef7afa8dbf2f20e442e9319b5ec66a09bc16e7786fca076adc5cf75ff2f9369179b55abdb1dfc170210927c4d4d81ce9a2755d9b711e04a1c3edf7da75e53029b835d75cf043af73520f2f61bbb79b6fb9b752fc2f772d7daf7d6a25b2c3b1079aaaaf5dc7417222fbaa799054766a7e5954e7427e74e105d292582e82ea2d4911bde2e1aa7ff82ab1ee24c6dd494408d12eaaa0cf99a7675356eded556fb792322f7f79b2f41348eab36e270ebc112aa255ec760411e77ddbf23408f0278739188c3e2d21bebd156a52024674f4e4bc99e3cca9d9c37d2999039467426e651c1994345f7084a1d39840ac971481e947df6314d6e659ad4a4a9a11655f635c981b6ba90f7404377f3f6465fdbee2e441ee4c91079f6bc7987a06601fa405b86f9d014501ce8df29a0dbc4ee660b2f5ac06fbd3cc19cc0134cdf33daa0aec41c4f52e6f80c576276bac39396ee70a5a4098e8434c191902188ee742abad22915920811130915120911be95d2d1ffb21956396741ced400e7aa9f31cdc754a95353831d9a1ce850157f972a79bbe4604787e46feef4b757754afee620ec4fe331039bdb00dcbca7dc5ca0a459e2ef88385c0ff1a09f4cf4bd07ba88ff113262771df0e62b8cad965cd405c4b812d8f86980dd38219603e092bf39a00be90144d64e039135d4c4e9c970ba12b3139d0999090e776a82e048f488cec444c191902438dc0982e04e2482d343a9e0265474122ab808115c840a4e10ea20843a08212240451022121001840800044228ed1d0709f723ac187bef630f0b2707780f78f49258159c330eae864f6de50a0f835501670a679a12aeb15725ce5489312dc43539a469a10053259f2afbfdaaecf36b4a20a484ba0272b03d20f95b8272a0cd7cca0fefe7a7d5ede60358703390154b92cd6ab523148501f0ff35fa3e9c023ba4a62c402416b09b2dbad9aa47b5ece8bb41c2fa4194ffdbfdecefdf88e1f7b13e17ebe4f3187edfdfbfada0b6fb3fb7b1e8562bce2c965ab15873eb893676ef1b26a7256ed10f09e7d2f4d37c0f1b45e46186865099c14d2d5e8015e8b1803e9a02b0fe3b16253014e00f27b00702757f808e066e3b6bce2c20b6bae766379d7d13e03e94498cb3c0f6c452f3996276d6bb3f6047033bb5f120ec2c7d34f00f04767210c0e731fc8e0fe0860f64b5598c963b1ad8a3c5eb66e05bdf13a738d0fbb5f286c0d859603ac0ef62b1e446fd02fd06dcfc83b1ec830577acee38b351a4035976de4f72aebfefc7ad781ce883027b3470c5628563f91b0609ee58e377324c3c186cec3d10e8d10f28798c7febefbd718a037dd8801f4bdc3c907218ecb3834dd20d37d0fb033fefc723420cc01ce86f88033a0ef4efa202186cec3c1430c70264328c203f188b1f0bbff810fa10a738d0bf334a6030827bb096997c4b6319cab371e0c6811ea74158ba38c569c8440eb585ff38c5294e83271a67419ce2f43fe4baf7575e5abee0f9c500ca00141f7c6cc85772ce5eddb0f4922a53fbaf00b0dc9cc25f5bbfe4e2a74ccf44733d6e0630cff2bbaaf54b165e6e19c34da6b68714d372ce571242ca00f2c410bebe01e0af81a36afdd28b5f335c73d3b8ce03b0d8faa5f54b169e6419c7c1ba60370f071f362c5db4c1d49f62bdff07d5eefa2517df3b8ce38ccad341ca6d07c0570e208bc3c25302520c422e1d8c0c189b72ca173c9f0ee03f7ddb657fdeb074d1ca7e63f4f205cf9701785207f970450b7309116e9a75d6e3a76e7ce38a0d334e7b282d52487a06be5a5744c66694885d47269a6703f40f8def96cf7fee711072c941eb2700e0da3e0e3a768835f76500290301cae73ff7ccfaa5175f098099c65566338e0e130fa03f3f54203cd957e887ce07009bcae63f3307c0dd004a87a1dd0a00f71b6fe867be07c9f33e3c1d8acc9e5bbee0f9c521ef8153b77df09b7653df1e1f4e9e72424b09c85065c076ac9ca90f0010693f203734c43082bc87d2a9e0bc198043103db6d7f63035b419bd9b4a7a2e1930ed2f370fd03ab835001ce5f39f7baf2fc8874ebef6bd1f03187bf072432e9971dac38721722f7cb98d36de64e1c150cf70ff208a651b321f669df9b7930911deeb0bf221cab93e6788dc386437df8305fa7051a92b317bb1d1bff205cfbf3fdc3c3d3819e0e5b6da73f9651f0370d0015cbce26f2a662084ce07e00221b640dfb8e2aacfd17b6b4904d87b94812667f475f901a6c9bed2b31ebf0984cc19c62e77567e7c4f88103a2c6d52c171187a0fad14ec00c335f96344dede321400dc3c3c56ad970f4ab0dd25383c8f0ea73c30a6fad07be28fed7cff97810e1d88aed2b39fba19c0dc6f40b666d9c8f227b1c980dda5957c9ff1ddfe80be18df3c79c079964dc05283f0e50b1e840f7034061831e9848ab61319f2355652d175dd7076943375dbe869e7e701481b16c1d614a73e3ee7f8a37f956da7b034550a9878e0d2adc96085ffe6e1e6437276c97900291cce769560fb4e7dace62ba9866cd5a31981831a3be702000f151c377c5bb2c5c2329010830c8cedcb03759bf15d318adb3e2f1a933867759c69750027840af98408a36d98bcb6c7725147090849b16b074002a1c22c1bed5eaf0fccbc755435fddb482096459964274086f542054d09ee48ce9a3c7bf8da0b04f531124fca28db7615a9eb80fe8c71cb88b10d3356c12f1b6e61d794e04e41749f30dc1abfadf68bdd3ad08dc339cddb5207ef314631024c533eef2f6146084925d451623f76ffce49c7df327bb8947d2cb215f23654ea32a0f62303c4cec3d0d4e076437ea224e378b99d2c29a1cefb37bf7dfd0b86569979c623b789cea4d11646eea8587ed9d54643e38eb86672dac8d27ff4754b9506006e42c563ac7f5365df3add8533762ad128b169b18d76fcda9538e2b828e0facfc61557dd11c52d1c28e9c3a69ffaa0edb943b59bff797cf3de953e9b3ef2d2b39f7a890a8ec9d6ef78db76edd6270182e8b28d73b77ff8fbf53a1f8c2393ac9b5e06b21527da3daa29c17f6f5c71e59d51acc3407ce065f39f79cb8eefedf5ebaeaf5eff4c83c9fb22b1b6a9cfb503bd27f81cd40da7d18c40c5f2c59799c66dbc3ba27fd34fb96fa13321eb977d15afb7c999907d4214b01e0c4fa3ca56e5277fdeadf385449381b2f9cfda8e55957c0774f9d1a2b9eec5761678f3dbd7ff1da65353291547f79d70a501a6d358f6ac7da4d2de5a757f3566e6cf8aecb5aee4b72665a24c67b19d3740084defdb7fad7ee38aabfe88c8cb1cecf696db7d08004a05677edff16afb9bf7ae0c44e92f51429d1fdaf0d25b53f14293d10f4284223be0a0efa9368315fc74bb79dcb8e2cabb6c5ce498f89033765eaa9d17c739f356af7fa6390a7f63f9c006dc079371b73102ca76bb849f95afaaecdf6f9b306bddb5cb5eb658ddc61557fe71a83c8d265b3a0d2803d1949a146839607c378a45effb45a6c9db4d2f04004e45f76136d6b8d2ec6217ccfc699eadb691bd07dcc97905f6eeca819de83d9fcd4efb63fd9285a47cc1f37ddd15d9bf5374a59cd49719c2e8f205cf6f1e5ceca46cdfb06cf18f0d8b2388ce121ba5b403001d7bd89593d347cf7e21c6446472e9d94ffdb362f9e20b0108840a636c5cccfd03f1208637cdb579777ef982e7bf1e221f9031faf049f6c945e711e50b9edf146b9baaec7bddd7b6fbf53d5ffc753bfa9e1a63770cd4606d7ab14dcc5a6f0298f5882ae35d4474a5e4da7b6eff68cc2a3cee88283cdd3adcb20500d34eb96fd1d677ffef191b807353987db7dd77f77cfeb08145620774629701d694c00e93e6656366fd3c37ca04ee374d9c9a905a30c2ee39d9dfb63f21bdd0764960cf177fdd6919509f498fe6aec8c1f6edce84cc6b8723765295e05a98ce0027a4af07a386f9c29d89d97983ccba4f2a9973c749db57fd7e855df8a2f3dbeadac62cf8ba222c1b663e70873b356f38da149d493f4ccb9bf5c3f147df70feeecf1edc8ade4b0fcd67bf0d692d3daa11e8e5a90170eb397361a03b1226f58d77435fe9f336f91b91ad2879015742d635e50b9ebf6608c9c8b5e8bdb586f7017a540005dacc4c5292b3268cb77faebdcea499655762d644bbe7f67ef9d8f65967feed2736966c8745b8adc70785ef18b7d1d8baa2f10e633ad4b889539b74fc2d53ec928a9aecaf07c09c9eb489836d9e8ace94f147df30cd5e1002f551f81093f0479bc783e40353421d1b5d89d9c3d67472e6848500ae42e4018fe6bbd0066dd1fb330200f8f453eefb995d0cde2f0b34a57eece1574dfc26646ba809c77e1589e45d678615ed6bceed0114ecaa6f3065fd14c199647bd7f8de757fdb6eca922b82236172143073421da36c5c9afd164bce6cad19b15fe37727e7950c17b382de86cf8df73b3c19a3ec9e69adf9641d004e05d7a8c14f36274e4fba6d6ce66fdbb3d306e831bbb3d1e2b683e483b6f3a3bb37314d7973b8da2682632afadeae62bd6461706df62fc35c70240eda2a6b9a54ef491935e99be029c2c76dd70c9f12e1dd5d8d5b569a2d3ab5e1922d936a36bd580fd3a18982e82989e22e9805532154ccb7896bb787c1d1d70d325c6193f710c565b5cd23ac1544f7e8e1e25777d3b69e0cb220ba0bec18dabcf7c36e005c10dd870fb67d45eada2f889e827ef88d285ecd909251c3c10700bc62f9e2cb54d9ff27ce59edc11b36adce92648a08d58654023b800c53d13968a0cb81d61d82c333ea9be22963f227c3d576c8dff4d79a4d2f1e308729628c89b8b516a15309150a6c2c753d224f51d508a1d3fb3ca74af5e38eb866523486c6e8b296dac451db05d13dd52ebedaf8c615bf44e4d1ce5aff8a24e250434e05d7349b76d7f62407975e7c0c7aeff6e2fa240a85a50b0bb30a8f7bc76eac81aeba0309a963e6dbf0679dde5736548b1e6d1e2b965f768d9e542543e083f17f6dd39b573f02e071849708cd77d013bb799b74fc6f0e4fca1cff645f1e0677e8dfd370f09570b1c830ec560d06a2f6fa2f2bf3a79eff8bbe7315fab2a257b686ccd3b69acfefca2a3cae8050e1b8a11b72ad3ed855ffc8f655b7afd2fbd273d985ddf25a69140063600087f69b0573f20f7e3b255aace44eceb3d5aa0e57eaa87edcf6f055239c9d6867b1b8a678a9e09a6493119e547cd8159310fd10c2a8bceb110e3bc5c6947ee36800dc9d3c72b4fda4306fdde67f3550c126db4a68cac1b8ed7a25599f79a4d45132f6f0ab26f797e41c800fd6e395ad71b5f5a6949eb69d9e0cdb904a097656227209890c03d8a3caf0a4e37f73d8505ce196aad5b6b24504e7e4b1875d39e92078ca01b09a4d2fb66f5876c90f039d35a72852f79fe560c78352a0f51155f22e8b928b7a5d0eb4fd450eb4fd25e46bbcabf3c0c68b362cbde46c1de4b0cc912ada64dc8ba300b86720534ffce331fd243b7a3aef70a7e5478b955272a74db58db19372af9971dac32339679d840a0aa5a24ca8a81022682084012824849e679b69648ad72e6146084dce187dd8f319a3073fc74c0dbddbb4e7fd5fdb2936872be5e2f205cf5f3c4497757fb86bc2289b8cfce4d2b39e785c957d6b091554424559e7830a42192184d9ca51780becaba5673f391676157184a4a48f2a7f31d6fbeaac7ce040bb20ba7f3c9c4923c9dfdc88de6bafcc17630c71abeb4252bee0f9a8321cecdebfdf9990f52021540321dcc895009c72cea9c39d729ed5e26b9a54993ffdc7a3a3c956fae8d92f948f1e1a4f2bdeb8c2bc9d9a6f5f75fb46003ba097034f3df14f1788aee473acdfddbf7dc9632d55abbde87b1989a164cc4a58162dd9ca79b100587024e647716f221248b671ad1e2b959ef5c46151b248290e77ea906ebeeb6edefea53b297758b3979a2a6d4dce9e9c3fdc595125d4b16ac2b1ff373b7a46de75b853740d2aeee760bf0120304da154700e3b1f4457d229c3d92667dafebdebfe566901f74159f38164b866e3dfeb003ca387594689b5e14d88e5f39f5bd467ec4a70e750f7990fc453f43dafdea88093c38ea433d1ce1b6ca95a1d406f9d85f5dc7b63e9d0b8375ea1964c6d712c00a68223c53e31b5b2dbfc422ab88e8d122b0d3fd394e0fba1eefdbee16e9769528d2b3167ca70b7dbd9b071d5b0f7550d6d01e008790f78bf093e10224c1bce36e560fbb2e1ee67ac326c030e3e62dc49c9b64ba88abf21e43dd0fd4df0d4a61faa09a021d19532db06433b2dc94b03d812801080a0e9d317e8b699da58011c2e2f84399623848eb14b98999230c34681aedaa5cd55abbc4c0d7d39aced76d66ca38263ccf00a78c74b755bff5ddf51bf7e587910f236360070edfce88f01ced99a610665fdf00ab9b273eb7b37bd8401ea258640fdc9b015e8aae9a364e41f31c1d6fb92baeb5baad7747f13b285c8da7533684300825410a7d818b51d16cb6d003c00c0af7f02faefec806e93ad1c2480239211848cb14b9801404743c512703e2c5a52957d4b2a3fbe673d00d252f3c9dda6a29b83f42d79f7de758f3512ea98317c9e47e0c32defdcf01800b454afee52429d2f0c57db3bd6dcd5ac67c05dbeb6ddffc739db325c7c109d2945c3c88395755b5ebeda023acd265b3d149bde9f0c739b44a264583f5742962dd0777d72df9700786bede77fe091783868d942e4790b46d65e01208d3dfc2ab7dd2e4ca686ea4dfc8a18830ef0a019e4b02cafd9666a4d15361c001f3df5bc94fe006c3073ea897f3ababf58a976d34bf54e4fc665c959131608a2e7643b97692046696a685da0ab6669e5c7f7ae373462dde67fd5d66dfed78f271dff9bc39c9ef4291c20e1640b4838ce228612e2a45f6122c6df1c948a530f5a1949dea552a0f5ab1dabef8cc88a6e7efbfa87a69d7c6f8dc39d7612a58e2983e643af3bf705c27b8f55006ae5c7f734003865ea897f3c4170249472ce05ce35119cd3a1f04153023e39d8f110004ef4241637f3955b63d8be312d0748d3ae77963657adf2217229ca6c59877c97b99e881b48869909e4c6fb10351e0e274d19005ebbe9a5fada4d2f5d38e9f85b0f7726644c016794734e0f42b6449315b7bae23c25a764aabd87d1556fe19de1ea1bcbbb5685c97a8e7b26e183d00484d7435d001275c1719926c5700f64f4ae15bbf50ca113bd6b778676914d0372ebed392c6e8a6a4a88184911c1ec41a0efbaa3a198cc091cb355d04c891601914b37b0b4d79f30d9b994d1fa1a6de9ceeeba25abdba899f864be8f9d20f625366ba65541ef964fa7695ead5b3463e5835dd2c87a8bec80e6d6f233c24d35c794e8ad471894398f41862593d533d7d41393ac18878298e5dadc5f6e235b43e1a9d9221baeb6b916c3903597093f1ef41eeaaa9aacb861c1559bf0878bfd2671230f7c50d1778d945a5c2fd83c6706816601a6f19cb91d87cd5201607f351147df6b8e550ba304fd6fe67dc2d1ae0eb2e301b75136560ddc5f9b76778a993754a8a6f6ac60a651849944111c62a3ccb8250e34eff71e2a1fac574d530c5cae4a2c3c6016f759b6919b8376906d64d8cc77f3fb8805f466654b4d8a54353d2f9af879303cedef06596231606a3f8a5d8bc63fb19f0e981b251677c77ae28959fb6a366e9166d186b0009d9800a999184c10fba105aaa58f56ad6bb5ea83111433d0cd4a899a2cfa6005cf0ee80e8be21c4cdbcc321fe679327b2543e5835508edae881e4c5be60cb36c02fa70dc6f1eab0c9b6597987e52fd39c1244766056d8c5f3948d9d210bdc888a36f25a76a7a3fb70941a2e636c4288268f6fdcda0962d02645870c92494aa65d260620a4c8cb703ba9d2b44fa6114a25873ab3b663e3d931e84809b9587f5f08081da19482911cbefadc2430621d8b2c52da5a6bf1d0c1f601142328097110bd0551b0b7bb0201f4886957e806576a9a909d456a0c3240b43e5a955e96b3660b5ae8dc3a278e458f826f6f37298dc6a2b30ad17db6b51e24fab70a896e798856974084ce351e273b376a6185a79a5dd2da004432ff0b02eed9893268652522dc24386c807b342269676875298128d1718625bac9f791b0ea0f727c3d14204f37789290f65e52fb3c8c250652bdaaebdfe40ae5a72066a2c9e90683391cca41d583f6eac1dd0cd9685a36f8d34b53cc72c31381da43bc86d621d666375c84100335a8c3c1497d5ca336b5f358be0d0410089db00c8ca071543af40b35a9981ee698fd5bb6118c2c11a31f0b83f198ea654cc3c542c790f1ec53d3e18d9e231245bcdca87db60488be20958f2fcbd59f768424c264c98904e056181a669698aa2cc551405aaaa76689a56a169dac68ef6f6d536d6db1a67f458a7a9d3a6dd08e08f9aa68169da87959595a7148c1993218ae23b9aa695aaaada2149d2d1ad2d2dd5fd253566cc9c79a3a6697f088542080683b7eeafafbfcf2691011b3773409a3173e6ff699af6c7603008bfdfff9bc603071eb01172324461e451f834a0121933664cbadbed7e8b735eca810e4d558faeaaaaaa9e5c52328710f296a6aa088642a8ada971d8080d1986be47cba40fd53be8e9e388dc5c4e08812008a09482520a420838e7e09c43d33430c6c039eff93ba51482d09bcaa8aeaaea8f8f7d0c4c615111678c41d334689a86c60307a21986681b560e86a77df8306efc7863e972b1a228f7288a024dd36e696e6a7ad6c6cbe58871c39318450809004c9f312303c04d522874532010402814822ccb30ddc07a2ec2d71fadb4d1a8fdb97c4cd334a8aa0a59960180abaa9aaa695a91a669e08ca5032800b0bb9f36c039d71445812ccb501485dbc537e3274ce09c73ecd9bd7b5093c039678a2c439224a38f66373896e5939800533c762c678c8110c275210500cc9c356b9ea669658aa214efdcb1a367e383208a498aaa1671cec1184b27841400d8ada9aa06008aaa425114bbb81a13274e64959595dfd45dea83a671e3c77303600619c0a594f606c6fa3384901ef08ba208411020e8ffd7e7cc68d3cc4bdbb3d6264e9cc8018085f9084110a0691a46e7e7f3faba3aebca4a9f792b2c2ae2060e6af6ed3b689e8e1d378e13420cc5b69831f6a4a669559aa65dd0dcd454615995413f3f63027acf80669596a66b9af65e28182cebf67a110c06c1397f1a4035e7bc423fc1a4087d774971dd6af7684a700e10c28d4932835c174ad2b07f7f756e5edee19cf362ce79476b4b4b855d2268e6ac59e109620c8aa2c00474d864eaf9ee5dbbc894a953f9a4c9932384ca1028b3f5a034ac308db665bd6dfd3b769a1d854545dce574427438208a628f0532dec5180b8f1f00d5df270842cf33aaa2406361bd3169f264eed0dbe19cbfcf1883aaaa007099c1dcaabd7bf7161615cde69c1733c63aeb6a6b2b0040d53470cea1280a586f7f23fa5c595989c92525dce893a6b7af280a5445e969c3b0aa0e87034ea733cc2342c04c576c13427a1a57350db22c439665a8aa0a5d71f57cdfe572c1e9744214c51ea01ab2a1aa2a386360fa7b2921a0fa9c183c327e1a401704010e5184a0b767809c730ea269a084c0b08c94104eccca439f1f639e29e7609a0666fadbd871e3b840290451e4e6feeacab5a7bf061f264e9cc88db9b5180bdb7f9b7f67960fd3f24915809318631b9a9b9a3aa3c9de94a953f9d7dbb6c5a448a2aea36b9a768f244965fe4000c160b08a31f6236f77f74693007d647a5c00c0c78f1f3fd3e576cf1504210d7a951de7fc434dd356eedab973c3a4c993f98eeddbc9f809137a40aa0bb2a033ed7c4a298720206fe4c8ae030d0d550670a74c9d3a471084399aa69531c6aa5455ad505515922485859bb19e98764c6161a1c7e399e372b9d208217375c06da08454ecdebbf7d50913267041147b040fc03ccef93cbbb62549322ac0a89dfbe7723ae174b9e0703820505a0ce03c8db13216f64a3600d8505959f9dac44993b821a4ba929ca7ff4c477862ab77eed871ef94a9538d7e40d63d8adcbcbc5febc07aada1a1a18a527abe21d8a3f3f3bbeaebeaaa5555259cf330d0c2821351c8533265ca02424891a6697375c1da4008a906f02a21a4dd2c7c068875e5972e50ba98501a4ef572fe2a21a4cab03e9aa69d074d2bd681bb41d3b49566456a06bb288a20c0798cf33200658cb10e42c8060ebc2650ba9750da63a975193c4f5594624551e6a9aa0acef90641102aaaabaa5e9d5c52c24551048062cef9798cb162c65831800e4248050556eedab56bc3e49212ae2bd7624ae9798c3103b44f217c1b51190849a7c0878c90a728a5ed02a5101d0e63aed2354d3b4f7f4f19c2fc592910525d5959f9eae492124ef57e534a6f36e68531f62a7a6f992d26846cd0df5985de8b41cb28a5559cf3959cf3570dc541191b4b08491704a12c372fafa2f1c08155baf757e4743ae7ba5cae3400731963985c52b24196e58abd7bf6bc3a98181d005032654a3ae7bc3d140aa1bbbb1bb2a2fcc8dbd5b5244aa2ac47cb4c9c38314874cbc83987a60b9d3ef8cbabf6ee7d5a07e24db22cdfadaa2a54555dd5d1de7e2600e4e6e5f94d7d39e34043c38700f8e492924739e79770c67aac90a6695014a54355d574dd9affb6abb3f34100bc60cc9837dd2ed71c212c08609a064dd7c89cf3a7abf6ee355c613e6dfaf427344d5baca96a9fb625494ad7340d1cf8adb7abeb414b02247cb846490977bbdd1004613163ec49c342eab195a1c93f0470c1beeaea8ec925258f03586c583493c780fdf5f5c2b8f1e36fa284dcad318650288450280455550d0b796a4b73f3870563c6c826813ded4043c3eadcbcbc399cf3b78c76dbdbda12755ecf74399d8f002865ba2230625c1d4c1db22c5fde78e040cf55ce69e9e9dce9749a2dfa0702a5f31006f7bd3b77ecb8c5e47eef090683c5c160109aa68debeaecac320bd8840913b8dbe381c3e14827847ca0aa6a99aaaa5064194aaff5efa094deb277cf9ea701f0a9d3a69571ce5f9165b938180cf6f0401004389dce0f0f34349ca47b8d37699a66c8518f27d1e3fe13f21a072edf5559d9317dc68cb98cb1f70d2f42d3b40d9cf33243b1e9d401cec757575777e8b2711e63ec095551d28dbe1abcd3c3860d1cb8625765e506007cfa8c194c5555e8b2b48131566628445d897670ce9f2684dc647323ef2d7b76effeb3ced3f78d5c98a6aab7363535ddaf03fd1d8728cea1ba22649a06352cab9042a1a79b9a9a2e8fe6cedb2e61298a522649520f83bd5d5d4ba3ac7347263c08b94dd3b489dbbffedab163fb76473014ca9165b95ab74c771b5975455188c9b5ed59a2308457ff1000b4b0a8e81259962f9124098160b0c3eff7ff685f75b5430a857e64004a6762cf9a39e77cb5a2aa47edd8beddb563fb76476565a54355d5d7740fe2d2c2a2a2720074e2a44997c992b45892240443a18e402070a1b96da6bbd430b56db7b4c6183b4f55d527f571be160c06b3f6ecde2d0683c1dfe8609d2bcbf262005496e5c546b8110c06b36b6b6a1cfbebeb1db22c1f0e80060281d703c1e02981b0276500f30cc6d819c150683300c1e09d2ee01400d5348d98f967e2c5a321492a0d8642080402cf0483c1c30381408e2449bfd1dded7459965f49494d1d6b8cabb3a383343735115de14196e53fcbbae2629ab6d8e0c1d871e3ce0f0683c57ebf1f9aaa3eddd5d9b9cf5a5bb06bd72ea2bbde1f288a52a6f3e8a4caca4ad1eff3e58442a16a4992d26559be3bbfa02073ecd8b1998a2cbf1f0a858a751ebca628ca619d1d1d0e45514e618c7d08804e9830e17c4596efd613b11dc160f0c2402090130a850e9765b9429665c88a72aea669f700a0a16090844221f8fd7e78bd5ef87cbed73b3b3b73fc7eff298140a043cfc5a46b8c9d07808e1f3f7e9c2c494f8442a1f460f81db70483c109a15068822ccbcfe8ed97a9aafa8a31e65030886030089fdf0f9fcf57e1f57a2778bddec3fd7e7fb5cfe783cfe74bf7f97c977abbbb4fedeaeaca090402cf844221c373ece1ab1102e946a667358a31b64ad3b423776cdfee34e45a5194d764598624cb97a6a4a696475bfab575dd0d804b92040048484c1c17f0fb6b2c8aa14fc69031f63a01ce1d3f61429aaaaaa5b22c135551d2746b9a6eb8f8b22cd39ef8d594913727650c775992a439463cc518bbbfa5b9790900dadcdcbc342d3d7d1c80bb2cebf09042a1171cc9c9678f1b3f7e0e636c8e2ccb088542458646264026001a0c06e719713063ecbee6a626fbb6c31b17a825d9480060c7f6ed647249c97986db2ccb7287a2288bb3b2b3492814222677781e8007fd7e7f07a5e1db3e18635f666567af525575554b73f3eb008486fdfb6b00d4646665f57804dd5d5d1f9bc324c658d84be955944451c23b114db1204dcfc83821140acdd2dfd5d9dad272b5690c0fe68c18314f96e539fa77ce07709f398bdb78e00046e4e6f2a6c6c695a3f3f39fe69c5f4a294d2f2c2a5abcafbafa99603078a9dfef0fbbaa9cdf67231f4c9fef724a6919d334c88a52a5284af988112366eb56b29a525a44084917282d678ccd8224a5eb9ed187ed6d6d3f36b2e0dd5d5d6bbabbbad600a0b2a25c6a8437aaaadedfdad2b2447f6e73ce8811bfa5941ad7465d02e02a9fdf4f8ddc8baaaae8eaec7c407f7e4d5a7afa12411016e9d6371380100806cf0390ae2bd5d75a9a9b1f3081e7eadcbcbc4b747e178dc8cd9dd7d4d8b8cae7f7f778738cb125dd5d5db5006ad3d2d39f05f0079dcfcf757576ae01808ccccc2582205ca2e7068a8c704b966562357800204bd2734242c27c935c1329142a92f40439e73c13919753f4cc4534a05718ae10388720080b00fcd5663d9199960516a9aafa379df1d58aa2acd2346d1f80221de48662e18aa2102ba001103d5e3712250400090402e9a6676bccc5098c31625a7e2100685a5ada0c10b2341008a471ce3b55555da5aaaa915b2802e7e0ba67e2f57ad3796f68616e9beaef3724d65cef6c5d434620104837e50b2eb54bbe181e87cfe73b4610845f0158a0f767110716a5a4a6fe8173fe336f777785be0a11015af3128ea1f1753ef558744a29f4f10100555595989469b5a9a49300802449fb8c77f0de821df3e18ebca9b191e85ede7d002ea59442d3b473b3b2b2d6f8fdfeb9faf79ff57577d7d9149718ef49678c1996ab9873fe27337f8c3e2a8020c9b259596c8a528cc2838100542399c7f93ef373fe40a0568c4c8c893e9f4f3027e24c468e30c66a7af81056ea82cfe733f7639fa51f24180c56ebc968e39655c1507a7a36bfa73849d3346a72dfbb0c3ea9aa2a988d9b818f6030d8c7e0656466ced2187bc3eff79be5ba02c05c5d49f4c8b5a5a02dba456f696eee484d4bfb33e7fc263d66be3325353503c08bdd5d5d460cc6f30b0ac6009859575bfb7a2010f883e1927675764e362c6c4a6aea226bd28e31462d310a31e70b7446510054678c413f04b0dcc4f039a6ef84db00ae9324294d67d24fbbbbba56012029a9a9c526c1a2ba0b6c6efb5c006f98dbd6396d8020ea5aa9dfefaf5214c598e4dbbabbba1eb6298fe500449fd75b07e05a00bf4c4c4a2a1504e10e003fd085668e2edcdccc0b8fc73336180ceeeba939362901fd27659c1312a95c88aa28b50e67cf9152b3129392cafc3edf260070bbdd699cf339a6ec6fad4dbd764f86b7a9b1b16a747efefd9aa6dd28cbf21c4555ff68284955551f86fd2e3e0280070281aa1e5794f36a45968f0e06835e8b8bc901f0e4949462936c2c4a484c7c21e0f7ef33fae5f6785243c1607b4892f699c6ff43d3dc8112b2c0c4bf4dba17442d8ab067acdcb4c5d650c88cb12e533f7ee8f6781e0e05835d00485252d24c035cbaa5dda287494623006382599998906bec48434f9f2cf8b0e90fd534ed7a4dd30cb9fe497757d76a5daec71a6332e4da32875abf59774555ef170561acce4400b88e10725d6a5a5aa72008d594d259c160107accf49adfefef0490ce39474a6aeadf38e73584901f70ce0bad03e9b7b040ef340f6b79a231f67781d273f4bfce4f494dfd8473be8c10f20b00853d8c0d339930c63a4d137443724aca2c424811385fc8ad400fb73d3f6adbbd42d12f298af20ce7fc3c3d83fe87e4e4e4711ca8d167388d10727677777729009e929aba9a73be064087fef5f41ed032d66df21cf619e373389daf8b0ec71b9aa62d0bf8fd1bcd02c575cfa787a7a63e0783c17da228fe85507a2d000882f046726aea3270de4908390740a10ed617fc3edf729baaab88db501545b91fc025b22ca771cee7ebdffd7d3010a835cd6d84350780e6a6a6aad4b4b4a739e797022872389d9f8ba2f8020f2b664280190036f9bcde87bddddd7f4f494d5d086026803451143f49494d5dc339df4409390184f050307886a2aa0f88614f330dc08294d4d4627dee660238470744a7a6aad701a09c31ca238d8bd9e4532bb0bcdddd2fa6a4a65eacf7a3c8e9747eea703896819034d2db3e1863d78542a1ee08a09b0c95b97dde6b34a82eb5d42cf77d2a217599064018e75da6deff2a3925a5941052c4395f685122765e158f5a4f1ef0f9dabbbbba2ee29cff129c2f33ad55a6a9aa3a4b4fe474e8ee0318633fe29c57ebcf2d027027636c338f5c8633ac34e9598688d45e7d6e69f07bbd1f699ab690731e7633399f4980db19e7358cb1878def183e8a140add09608d0efe1f00b893715ec4387fd8da0fbfd7fb71bf6dc758ecd0d5d9b981737e0a385fc2c33503bf2084fc9e10f27b10722d03ba4c602c24845c4708b903c01d9cf39900f631ceeff4f97c2f9af2153f83de2fce7921017e498c7bb98d70a3d7e526dc5855b0f4cdebf5dea569dac59cf34de03c8d00bf20c0759cf3427ddcb7fbbcdeebd1776f799fcabca6c6c67645511ee0bd8ab55396a49710c3e9ad5d9d9d5700b895735ecd392f0421b713427e4f09f91d21e478dd730b27b542a1f98cb13b38e79de03c0d9c9f4308b99d0327e86e3a09f87cfb64599e02ce9f03e79d006612e076707e8e2e57cb54559d1f08043603a0bc6fbf22fbabf3d4ec9e777775fd8031763bc2ef0ccf1be7bfe09ca771ce3731c616fa7dbebf47d99b41aceddb56149ae6d2046ad233bfbae29143a13bece49adbc8b5ddea98edf29aa558dfd886473d0909b30821a920843155dd100a85da2c052d343129a91440a6dfe7fbc8e6a5fd9511462badec79ceedf114524ac7a8aaba5996a44e4b496a84cbe9f1780a08a5859aaa6e9224a9cbc2786bbd35dc1e4f510c6d5b4f44b1db25277a1212ca0921199cf3ae6058d0cc35eedce576a70aa238039c9380dfffb1cd3b7a36ba242424cc0221e98cb1da50382eb4265ae800fc8be0614262e2f1bafbbfc9344e58f22fd64d163d1b8452d3d26ee69cff8187bd893b7c3edf233675e42afaee8dee912797cb952d88622900aa2aca6659963ba3c986312f0010f0fb57dbd49b5300d4e3f114134a0b759e6f1ca04c97d8240da3c91200c0e972a589a23853efc79a18ca806d8b5ca22c4d23d6bd1d1e8f67cc00726ddd19a8c272c28cddc60deb929a5518edeacae9009b53a2d5e50e4769a61d03d14fed388f96608bd2b69d209b77c9f57797358b52df6e5753cda23c837eeae381e83bcb780c75eb51819e5f50709eaaaa1da150a85cd3b43fe9e141a7140a95c9b2dc656acffc3dd50690d1b6225bc78d28c2cf2d1b56cc75e974003e20ca78a39d5e1493f11900e8d68d4cb1007da0edc81840aead40d70030b19f06ad136fb51eb49f3a5bbb1d380301bdbf49e1314c82dd929f99e1248a956383683bda29a5d65d7a76893b3ba09bf73b531b256ab781a6bf7de17c208b3ec0f86c7768499274a92449f34c19fa6a4d557f21cb72874dc56084a24a4d4be35d9d9d04f60757a01fa0f37e0439da1c920164870f302fe84779c62a77035974f4335f7663ed6f1e793f401ff45152760a80f4037058d79a31f00e200c4293f597011f68cff4c1ec44b23b4ec93a5ef3e6171e2564b11eaf152d9ce0e87bf209b119632c808e650f79d4db6b25497a9a73fea19eecdce7f37a9799bc17bbeb9a22148509ec6c00f961e87f475f34a341fa73bb6300627f163d168b1b0bd011c5738cb6cb3256ef35daeebcc86bc6a3b8eed60153f43d0430da40ec3a4ca258db8371d163d1aea41f37d6ce326280c98cc648eb565cbbc4547f0aae3f25d45fd8d19f6b8e410a94ddf9787c8070ce5c4864179bf328b244a224b0fadbe28c41f0a8bf102d9a12e431189c5842400cf08e81803e589047c357848c8a3108072c717834ad1c8b2b1ed396ba83007a7f934662ec472c40b773dd89c58be103e40da24dda409e462cb1db50f8c711db49b6d6e73558eaff07c809304b5848fa09bb10a3cc0dd4cf8178c4634864c6a22463c11289f1f7b100bdbfb1467cc4182d819ddb4e62b0a4c32598b1c6f2b1264a3008e5d49f22e1fde435628919074a9459ddd2e1e2e540717f7feddab9bc76a7b6f041c8527f313589919788c17b8b95780c4025835024b1cc17ff0630d05b4d3680eb3e98c60f65e238f823a6869b57fcbfd4d640c767455b326518dc2d2b6498fb4c06c10712e3dff837d8e76f43a63154a0c7e97f93ac3988fe720ac3918389d330931867419c06e1f1c4b29c1a07791ce8713ac4c16e757163bd95244eff6d97ccee2cab38c5294edf2fa27116c4294e71a0c7294e718a033d4e718a531ce8718a539ce2408f539ce214077a9ce214a738d0e314a738c5811ea738c5290ef438c5290ef438c5294e71a0c7294e718a033d4e718a531ce8718a539ce2408f539ce234ecf4ff03008c177d6441d4182f0000000049454e44ae426082, 'www.muebles-rey.net');

-- --------------------------------------------------------

--
-- Estructura de tabla para la tabla `detallepagos`
--

CREATE TABLE `detallepagos` (
  `idDetallePago` int(11) NOT NULL,
  `importe` double NOT NULL,
  `saldo` double NOT NULL,
  `idPagos` int(11) NOT NULL,
  `fecha` date NOT NULL,
  `idUsuario` int(11) NOT NULL
) ENGINE=InnoDB DEFAULT CHARSET=latin1;

--
-- Volcado de datos para la tabla `detallepagos`
--

INSERT INTO `detallepagos` (`idDetallePago`, `importe`, `saldo`, `idPagos`, `fecha`, `idUsuario`) VALUES
(2, 120, 0, 5, '2019-04-21', 13),
(3, 11, 0, 6, '2019-04-21', 13),
(4, 150, 0, 7, '2019-04-21', 13),
(5, 250, 0, 8, '2019-04-21', 13),
(6, 120, 0, 9, '2019-04-22', 13);

-- --------------------------------------------------------

--
-- Estructura de tabla para la tabla `factura`
--

CREATE TABLE `factura` (
  `idFactura` int(11) NOT NULL,
  `nroFActura` int(11) NOT NULL,
  `tipoDoc` varchar(50) NOT NULL,
  `detalleFactura` varchar(200) NOT NULL,
  `montoFactura` float NOT NULL,
  `fecha` date NOT NULL,
  `fechaCargaSistema` date NOT NULL,
  `idProyecto` int(11) NOT NULL,
  `idUsuario` int(11) NOT NULL
) ENGINE=InnoDB DEFAULT CHARSET=latin1;

--
-- Volcado de datos para la tabla `factura`
--

INSERT INTO `factura` (`idFactura`, `nroFActura`, `tipoDoc`, `detalleFactura`, `montoFactura`, `fecha`, `fechaCargaSistema`, `idProyecto`, `idUsuario`) VALUES
(14, 12, 'Vale de caja', 'Compra de disco de corte', 55.5, '2019-04-17', '2019-04-03', 12, 13),
(15, 50, 'Vale de caja', 'Compra de pan', 21.5, '2019-04-19', '2019-04-03', 12, 13);

-- --------------------------------------------------------

--
-- Estructura de tabla para la tabla `itemspresupuestos`
--

CREATE TABLE `itemspresupuestos` (
  `idItemsP` int(11) NOT NULL,
  `idPresupuesto` int(11) NOT NULL,
  `idPagos` int(11) NOT NULL
) ENGINE=InnoDB DEFAULT CHARSET=latin1;

--
-- Volcado de datos para la tabla `itemspresupuestos`
--

INSERT INTO `itemspresupuestos` (`idItemsP`, `idPresupuesto`, `idPagos`) VALUES
(1, 60, 5),
(2, 59, 6),
(3, 62, 7),
(4, 63, 8),
(5, 64, 9);

-- --------------------------------------------------------

--
-- Estructura de tabla para la tabla `montostotales`
--

CREATE TABLE `montostotales` (
  `idMontos` int(11) NOT NULL,
  `totalIngresos` varchar(50) DEFAULT NULL,
  `totalEgresos` varchar(50) DEFAULT NULL,
  `idProyecto` int(11) NOT NULL
) ENGINE=InnoDB DEFAULT CHARSET=latin1;

--
-- Volcado de datos para la tabla `montostotales`
--

INSERT INTO `montostotales` (`idMontos`, `totalIngresos`, `totalEgresos`, `idProyecto`) VALUES
(17, '644.0', '0', 12),
(18, '135.0', '0', 7),
(19, '400.0', '0', 8);

-- --------------------------------------------------------

--
-- Estructura de tabla para la tabla `movimientos`
--

CREATE TABLE `movimientos` (
  `idMovimientos` int(11) NOT NULL,
  `idPresupuesto` int(11) DEFAULT NULL,
  `idFactura` int(11) DEFAULT NULL,
  `idProyecto` int(11) NOT NULL
) ENGINE=InnoDB DEFAULT CHARSET=latin1;

--
-- Volcado de datos para la tabla `movimientos`
--

INSERT INTO `movimientos` (`idMovimientos`, `idPresupuesto`, `idFactura`, `idProyecto`) VALUES
(1, 56, 0, 0),
(2, 57, 0, 0),
(3, 58, 0, 0),
(4, 0, 14, 0),
(5, 0, 15, 12),
(6, 59, 0, 12),
(7, 60, 0, 7),
(8, 61, 0, 7),
(9, 62, 0, 8),
(10, 63, 0, 8),
(11, 64, 0, 12);

-- --------------------------------------------------------

--
-- Estructura de tabla para la tabla `pagos`
--

CREATE TABLE `pagos` (
  `idPagos` int(11) NOT NULL,
  `status` varchar(50) NOT NULL,
  `monto` double NOT NULL,
  `idProyecto` int(11) NOT NULL
) ENGINE=InnoDB DEFAULT CHARSET=latin1;

--
-- Volcado de datos para la tabla `pagos`
--

INSERT INTO `pagos` (`idPagos`, `status`, `monto`, `idProyecto`) VALUES
(5, 'CANCELADO', 120, 7),
(6, 'CANCELADO', 11, 12),
(7, 'CANCELADO', 150, 8),
(8, 'CANCELADO', 250, 8),
(9, 'CANCELADO', 120, 12);

-- --------------------------------------------------------

--
-- Estructura de tabla para la tabla `presupuesto`
--

CREATE TABLE `presupuesto` (
  `idPresupuesto` int(11) NOT NULL,
  `monto` varchar(50) NOT NULL,
  `fechaReg` date NOT NULL,
  `idProyecto` int(11) NOT NULL,
  `nombreFinanciador` varchar(100) NOT NULL,
  `observaciones` varchar(600) DEFAULT NULL,
  `reembolso` varchar(100) NOT NULL,
  `idUsuario` int(11) NOT NULL
) ENGINE=InnoDB DEFAULT CHARSET=latin1;

--
-- Volcado de datos para la tabla `presupuesto`
--

INSERT INTO `presupuesto` (`idPresupuesto`, `monto`, `fechaReg`, `idProyecto`, `nombreFinanciador`, `observaciones`, `reembolso`, `idUsuario`) VALUES
(55, '150', '2019-04-03', 12, 'Reynaldo Rios', 'Reembolsar en favor de Reynaldo Rios por la compra de disco de corte ', 'PAGADO', 13),
(56, '70.5', '2019-04-03', 12, 'Alicia Huanca', 'Compra de lamparas ganzo', '--', 13),
(57, '170', '2019-04-03', 12, 'Wilfredo Rios', 'Compra de gas', 'PAGADO', 13),
(58, '200', '2019-04-03', 12, 'Wilfredo Rios', '', '--', 13),
(59, '11', '2019-04-03', 12, 'Reynaldo Rios', 'Reembolsar a favor de Reynaldo Rios', 'PAGADO', 13),
(60, '120', '2019-04-09', 7, 'Jose Soto', 'Remmbolso a caja chica', 'PAGADO', 13),
(61, '15', '2019-04-09', 7, 'Jose Soto', 'Segundo reembolso', 'PAGADO', 13),
(62, '150', '2019-04-21', 8, 'Wilfredo Rios', 'Reembolsar por compra de gasolina', 'PAGADO', 13),
(63, '250', '2019-04-21', 8, 'Alicia Huanca', 'Reembolsar por compra de grasa', 'PAGADO', 13),
(64, '120', '2019-04-22', 12, 'Alicia Huanca', 'Reembolsar por compra de gasolina', 'PAGADO', 13);

-- --------------------------------------------------------

--
-- Estructura de tabla para la tabla `proyecto`
--

CREATE TABLE `proyecto` (
  `idProyecto` int(11) NOT NULL,
  `nombreProyecto` varchar(150) NOT NULL,
  `descripcion` varchar(100) NOT NULL
) ENGINE=InnoDB DEFAULT CHARSET=latin1;

--
-- Volcado de datos para la tabla `proyecto`
--

INSERT INTO `proyecto` (`idProyecto`, `nombreProyecto`, `descripcion`) VALUES
(7, 'Caja chica general', 'Caja chica general de la empresa'),
(8, 'proyecto de prueba', 'esta es una prueba'),
(12, 'PROYECTO 13 LAMPARAS CUELLO DE GANZO SAUL RIOS', 'Compra de insumos para las lamparas');

-- --------------------------------------------------------

--
-- Estructura de tabla para la tabla `proyecto_usuario`
--

CREATE TABLE `proyecto_usuario` (
  `idProyectoUsuario` int(15) NOT NULL,
  `idUsuario` int(15) NOT NULL,
  `idProyecto` int(15) NOT NULL
) ENGINE=InnoDB DEFAULT CHARSET=latin1;

--
-- Volcado de datos para la tabla `proyecto_usuario`
--

INSERT INTO `proyecto_usuario` (`idProyectoUsuario`, `idUsuario`, `idProyecto`) VALUES
(30, 15, 7),
(33, 13, 7),
(34, 15, 9),
(35, 15, 10);

-- --------------------------------------------------------

--
-- Estructura de tabla para la tabla `usuario`
--

CREATE TABLE `usuario` (
  `idUsuario` int(10) NOT NULL,
  `nombre` varchar(45) NOT NULL,
  `apellido` varchar(45) NOT NULL,
  `celular` int(10) NOT NULL,
  `cargo` varchar(25) NOT NULL,
  `email` varchar(25) NOT NULL,
  `password` varchar(30) NOT NULL,
  `tipoUsuario` int(10) NOT NULL
) ENGINE=InnoDB DEFAULT CHARSET=latin1;

--
-- Volcado de datos para la tabla `usuario`
--

INSERT INTO `usuario` (`idUsuario`, `nombre`, `apellido`, `celular`, `cargo`, `email`, `password`, `tipoUsuario`) VALUES
(13, 'Reynaldo', 'Rios', 76513400, 'JEFE DE VENTAS', 'rrios', '6036336', 1),
(15, 'Giovana', 'Chura', 70120747, 'Contador', 'gchura', '123456', 2);

--
-- ndices para tablas volcadas
--

--
-- Indices de la tabla `ajustes`
--
ALTER TABLE `ajustes`
  ADD PRIMARY KEY (`idAjustes`);

--
-- Indices de la tabla `detallepagos`
--
ALTER TABLE `detallepagos`
  ADD PRIMARY KEY (`idDetallePago`);

--
-- Indices de la tabla `factura`
--
ALTER TABLE `factura`
  ADD PRIMARY KEY (`idFactura`);

--
-- Indices de la tabla `itemspresupuestos`
--
ALTER TABLE `itemspresupuestos`
  ADD PRIMARY KEY (`idItemsP`);

--
-- Indices de la tabla `montostotales`
--
ALTER TABLE `montostotales`
  ADD PRIMARY KEY (`idMontos`);

--
-- Indices de la tabla `movimientos`
--
ALTER TABLE `movimientos`
  ADD PRIMARY KEY (`idMovimientos`);

--
-- Indices de la tabla `pagos`
--
ALTER TABLE `pagos`
  ADD PRIMARY KEY (`idPagos`);

--
-- Indices de la tabla `presupuesto`
--
ALTER TABLE `presupuesto`
  ADD PRIMARY KEY (`idPresupuesto`);

--
-- Indices de la tabla `proyecto`
--
ALTER TABLE `proyecto`
  ADD PRIMARY KEY (`idProyecto`);

--
-- Indices de la tabla `proyecto_usuario`
--
ALTER TABLE `proyecto_usuario`
  ADD PRIMARY KEY (`idProyectoUsuario`);

--
-- Indices de la tabla `usuario`
--
ALTER TABLE `usuario`
  ADD PRIMARY KEY (`idUsuario`);

--
-- AUTO_INCREMENT de las tablas volcadas
--

--
-- AUTO_INCREMENT de la tabla `ajustes`
--
ALTER TABLE `ajustes`
  MODIFY `idAjustes` int(11) NOT NULL AUTO_INCREMENT, AUTO_INCREMENT=2;
--
-- AUTO_INCREMENT de la tabla `detallepagos`
--
ALTER TABLE `detallepagos`
  MODIFY `idDetallePago` int(11) NOT NULL AUTO_INCREMENT, AUTO_INCREMENT=7;
--
-- AUTO_INCREMENT de la tabla `factura`
--
ALTER TABLE `factura`
  MODIFY `idFactura` int(11) NOT NULL AUTO_INCREMENT, AUTO_INCREMENT=16;
--
-- AUTO_INCREMENT de la tabla `itemspresupuestos`
--
ALTER TABLE `itemspresupuestos`
  MODIFY `idItemsP` int(11) NOT NULL AUTO_INCREMENT, AUTO_INCREMENT=6;
--
-- AUTO_INCREMENT de la tabla `montostotales`
--
ALTER TABLE `montostotales`
  MODIFY `idMontos` int(11) NOT NULL AUTO_INCREMENT, AUTO_INCREMENT=20;
--
-- AUTO_INCREMENT de la tabla `movimientos`
--
ALTER TABLE `movimientos`
  MODIFY `idMovimientos` int(11) NOT NULL AUTO_INCREMENT, AUTO_INCREMENT=12;
--
-- AUTO_INCREMENT de la tabla `pagos`
--
ALTER TABLE `pagos`
  MODIFY `idPagos` int(11) NOT NULL AUTO_INCREMENT, AUTO_INCREMENT=10;
--
-- AUTO_INCREMENT de la tabla `presupuesto`
--
ALTER TABLE `presupuesto`
  MODIFY `idPresupuesto` int(11) NOT NULL AUTO_INCREMENT, AUTO_INCREMENT=65;
--
-- AUTO_INCREMENT de la tabla `proyecto`
--
ALTER TABLE `proyecto`
  MODIFY `idProyecto` int(11) NOT NULL AUTO_INCREMENT, AUTO_INCREMENT=13;
--
-- AUTO_INCREMENT de la tabla `proyecto_usuario`
--
ALTER TABLE `proyecto_usuario`
  MODIFY `idProyectoUsuario` int(15) NOT NULL AUTO_INCREMENT, AUTO_INCREMENT=36;
--
-- AUTO_INCREMENT de la tabla `usuario`
--
ALTER TABLE `usuario`
  MODIFY `idUsuario` int(10) NOT NULL AUTO_INCREMENT, AUTO_INCREMENT=16;
/*!40101 SET CHARACTER_SET_CLIENT=@OLD_CHARACTER_SET_CLIENT */;
/*!40101 SET CHARACTER_SET_RESULTS=@OLD_CHARACTER_SET_RESULTS */;
/*!40101 SET COLLATION_CONNECTION=@OLD_COLLATION_CONNECTION */;
